,x,y,words
0,4.243638,-6.4070187,</s>
1,-1.098841,-0.79205287,in
2,1.837916,-0.65052575,for
3,9.672481,-1.1767304,that
4,16.616602,25.762997,is
5,-2.2405338,2.3201904,on
6,-28.097336,12.916476,##
7,44.242416,39.37393,The
8,0.9039707,-1.5528347,with
9,6.9236097,20.782282,said
10,16.12275,25.55453,was
11,3.4728684,-4.082085,the
12,-2.386284,-0.35628092,at
13,12.420903,5.355069,not
14,6.6787553,-0.43384618,as
15,11.305628,-0.21312273,it
16,7.2216077,11.753593,be
17,-1.062313,-1.6027907,from
18,0.11713813,-2.6408541,by
19,8.474643,13.537239,are
20,26.635931,8.694033,I
21,5.3223324,10.597502,have
22,-9.341573,-12.540394,he
23,31.909485,15.450629,will
24,3.7288046,10.887836,has
25,-49.90412,6.3165383,####
26,-10.023925,-12.921317,his
27,64.35884,11.789264,an
28,3.2702217,-3.0536156,this
29,6.770456,1.7743489,or
30,7.899636,-6.670946,their
31,-8.748727,-8.884785,who
32,8.528826,-5.9894185,they
33,8.98418,3.3498623,but
34,-29.001678,5.493227,$
35,4.671482,11.118676,had
36,-44.692715,6.581005,year
37,8.393819,13.554552,were
38,26.911867,6.6233563,we
39,8.39532,8.995573,more
40,-27.705597,11.15288,###
41,-6.2823596,5.0155854,up
42,4.295952,9.847318,been
43,29.341066,8.564746,you
44,3.0139399,-23.639065,its
45,4.2574067,-1.7960007,one
46,1.5841099,4.476599,about
47,30.357338,15.762673,would
48,3.4419703,-5.3155293,which
49,-4.7115574,5.4406157,out
50,32.68797,16.004251,can
51,42.26872,38.38034,It
52,8.123518,-3.4512405,all
53,6.058533,-1.5878633,also
54,-21.474419,13.8092985,two
55,-7.2307773,10.694657,after
56,-20.909954,21.359915,first
57,35.821,49.349567,He
58,24.88238,14.955084,do
59,-5.902382,-0.2565072,time
60,8.622584,9.351678,than
61,-4.284882,1.8704232,when
62,43.705734,46.221844,We
63,-12.203759,8.631757,over
64,-9.761389,11.1696205,last
65,1.0789514,-5.1130943,new
66,6.9103174,-3.2499695,other
67,-10.821217,-14.426699,her
68,-11.437487,-24.376802,people
69,-2.8153894,4.52474,into
70,32.45408,39.69189,In
71,26.916,5.930996,our
72,12.550759,8.006328,there
73,44.959087,39.447784,A
74,-10.865357,-14.554885,she
75,30.758774,15.518122,could
76,11.961186,2.296959,just
77,-47.47088,10.406737,years
78,9.637355,-3.1154382,some
79,-37.539165,-34.10938,U.S.
80,-22.263752,13.830489,three
81,-28.461294,6.8625207,million
82,8.673143,-6.2324495,them
83,14.854059,5.4210443,what
84,38.625668,42.456104,But
85,12.072861,3.2922885,so
86,11.704886,8.80612,no
87,20.002975,6.4349065,like
88,11.210888,4.4800544,if
89,5.1301928,-0.5201377,only
90,-33.4045,5.867992,percent
91,8.558975,44.76569,get
92,28.064005,16.714705,did
93,-9.629064,-12.091973,him
94,-38.146667,30.86389,game
95,-3.9179254,5.7167263,back
96,9.648418,4.565599,because
97,5.9242973,4.532337,now
98,-31.120424,10.366184,#.#
99,-6.949816,10.312802,before
100,10.74874,-46.707756,company
101,7.580244,1.3452867,any
102,-43.937237,26.912811,team
103,1.0493588,0.19451894,against
104,-4.9755855,5.1491637,off
105,42.74798,38.33015,This
106,20.617237,-1.3393823,most
107,23.116476,40.256657,made
108,-1.7642902,3.7603557,through
109,23.027224,39.915855,make
110,-21.678139,21.786127,second
111,-31.258736,-28.4495,state
112,6.7791615,-0.11124207,well
113,-43.16923,5.212311,day
114,-40.04284,8.205742,season
115,7.194227,20.87433,says
116,-44.595165,5.408685,week
117,-2.553255,-1.3218703,where
118,0.32283682,-0.7049321,while
119,-5.8400187,5.1961355,down
120,5.8538237,12.649324,being
121,-21.640202,-46.151695,government
122,29.359655,7.9227767,your
123,-29.64976,19.833471,#-#
124,-20.18226,-5.760741,home
125,27.089947,14.28436,going
126,27.40919,8.246476,my
127,41.320118,-0.5972438,good
128,43.582745,46.528572,They
129,26.674011,11.021446,'re
130,31.844019,16.49492,should
131,9.75864,-3.4400463,many
132,13.989068,0.6881103,way
133,8.831553,-4.42366,those
134,-22.600782,14.289559,four
135,-5.6897845,11.396353,during
136,7.414329,-2.2638593,such
137,31.10882,14.597534,may
138,21.074312,1.2576493,very
139,14.153817,4.9398704,how
140,-7.0734453,7.975647,since
141,4.2726765,-15.986949,work
142,9.721293,50.473415,take
143,-1.7663336,9.70917,including
144,-9.627962,26.608368,high
145,-4.1495924,2.454077,then
146,-33.182255,5.5400424,%
147,-9.396947,8.71301,next
148,-27.7757,9.751494,"#,###"
149,31.623833,44.099045,By
150,15.066884,3.1279314,much
151,6.939116,4.229747,still
152,0.71608984,43.07457,go
153,20.85716,13.911166,think
154,-11.766637,-9.902126,old
155,10.394511,3.1529708,even
156,-32.66366,10.89098,#.##
157,-34.752106,-33.47041,world
158,21.428122,22.690748,see
159,21.332024,17.686586,say
160,13.318986,-46.495255,business
161,-23.047066,13.575543,five
162,7.655227,19.484163,told
163,5.3466544,63.603485,under
164,25.3529,6.200419,us
165,-28.600023,15.294883,1
166,8.834054,-4.236376,these
167,40.63883,41.550346,If
168,4.518878,6.2076726,right
169,38.650513,41.264767,And
170,25.115957,7.1497865,me
171,26.417072,-28.520304,between
172,-37.702778,28.034441,play
173,37.47193,20.181255,help
174,-27.796127,9.259877,"##,###"
175,15.254028,-51.657654,market
176,42.15093,38.099293,That
177,22.69578,15.767276,know
178,-5.1136394,16.744999,end
179,-47.25909,-7.20345,AP
180,4.539576,2.1144555,long
181,10.739288,-24.735092,information
182,-28.355566,25.226603,points
183,27.158493,16.4914,does
184,7.3183746,-3.9555721,both
185,40.20752,39.343452,There
186,0.97210395,-9.192739,part
187,-1.7714778,0.8328731,around
188,-12.452737,-38.581097,police
189,29.666412,17.887081,want
190,6.238435,10.162466,'ve
191,8.310107,-40.34084,based
192,34.53783,39.493073,For
193,8.194169,44.62678,got
194,-22.189032,21.988224,third
195,-24.624273,-24.218853,school
196,-10.490409,42.554382,left
197,3.0313995,-2.2348433,another
198,-34.371822,-32.206234,country
199,33.14732,19.295595,need
200,-28.394783,14.655888,2
201,38.77609,-2.7117271,best
202,-29.39945,31.48957,win
203,-21.293549,7.9239593,quarter
204,14.133979,33.44333,use
205,-7.096223,-15.682522,today
206,-31.02819,10.594183,##.#
207,4.282685,-3.24416,same
208,-0.9058449,-48.27621,public
209,-15.548865,29.094278,run
210,-46.55225,0.8172019,Friday
211,-5.275418,53.766808,set
212,-44.865513,5.9916716,month
213,-19.975477,25.43602,top
214,-28.408783,6.9117956,billion
215,-47.42715,0.29535654,Tuesday
216,1.3064516,42.177616,come
217,-46.62656,0.18596841,Monday
218,35.762737,49.397724,She
219,-31.559336,-21.699121,city
220,-3.714455,-2.6205091,place
221,-44.184666,1.7520634,night
222,-23.547586,13.589076,six
223,3.4782526,-0.89594,each
224,-47.237347,0.6719273,Thursday
225,-27.868465,8.848919,"###,###"
226,-47.056995,0.021745272,Wednesday
227,13.340325,6.795858,here
228,29.57487,8.950348,You
229,-12.069819,-30.591286,group
230,20.898317,7.743957,really
231,19.407682,33.159687,found
232,39.631294,42.279354,As
233,13.307995,33.655777,used
234,-28.711477,14.255653,3
235,16.462828,2.4825451,lot
236,26.204844,9.847207,'m
237,-0.9789137,-43.51906,money
238,3.7315443,44.955235,put
239,-38.367054,30.58455,games
240,32.371086,-6.8080554,support
241,8.559721,-29.481384,program
242,-21.035168,8.854127,half
243,7.771421,-22.93159,report
244,-18.821976,-20.629425,family
245,-46.096153,10.061719,months
246,20.091467,-4.380715,number
247,-9.323972,-38.037777,officials
248,25.283127,9.944118,am
249,-7.258854,-9.7554035,former
250,6.119393,-6.8800898,own
251,-13.550108,-15.999308,man
252,-46.185394,1.7704257,Saturday
253,18.752125,1.4350748,too
254,40.903076,-1.8765272,better
255,-45.391747,10.694303,days
256,-1.8664896,43.34472,came
257,-11.892371,19.356514,lead
258,-7.9746847,-20.24009,life
259,-38.938347,-33.80007,American
260,-29.653286,19.202269,##-##
261,24.502546,32.973392,show
262,-12.137312,9.494427,past
263,9.115498,50.86488,took
264,5.4838758,20.429426,added
265,32.173534,12.389055,expected
266,11.855222,21.723629,called
267,40.86577,-0.41629928,great
268,-31.609655,-28.00683,State
269,11.653027,-36.770756,services
270,-16.157513,-20.21204,children
271,-18.548826,32.57746,hit
272,-29.451235,-18.176765,area
273,17.10753,-34.80312,system
274,3.3892775,-0.69115967,every
275,-40.26283,12.444041,pm
276,47.431923,-14.860516,big
277,11.616203,-36.764977,service
278,-20.86475,11.971625,few
279,-31.614752,8.403259,per
280,-8.303624,-33.66924,members
281,-46.54711,1.8380957,Sunday
282,-9.248936,6.1550536,early
283,-27.828583,24.688122,point
284,-4.899634,19.539843,start
285,12.069946,-48.687508,companies
286,16.542261,3.8531833,little
287,-28.079391,-1.7609808,&
288,-2.6280763,-14.704583,case
289,-9.411687,10.29188,ago
290,-28.955574,-30.842142,local
291,3.903892,24.416489,according
292,11.659664,6.547992,never
293,-29.31965,13.824934,5
294,2.6067314,7.3105335,without
295,16.065866,-47.561897,sales
296,-4.106222,0.75682896,until
297,-2.0337603,43.618732,went
298,-42.837795,29.16029,players
299,-24.591167,22.09671,##th
300,-51.655064,-26.050356,New_York
301,-29.261503,33.043068,won
302,7.8550806,-54.95368,financial
303,24.401808,-21.509754,news
304,-29.252396,14.842509,4
305,41.728855,42.609882,When
306,5.193122,-5.7002816,share
307,-20.016533,12.298571,several
308,-44.4643,36.871227,free
309,-5.233223,6.457012,away
310,-33.071983,11.433649,##.##
311,4.424898,8.825594,already
312,29.013683,42.16722,On
313,13.711942,-49.8118,industry
314,28.777819,13.508664,'ll
315,11.91474,19.944149,call
316,35.381626,41.361202,With
317,-23.177023,-25.171206,students
318,-11.78131,15.166348,line
319,17.966068,41.074986,available
320,-32.927353,-24.883352,County
321,23.09606,40.089817,making
322,3.150454,56.32521,held
323,-20.06652,21.97555,final
324,-39.59367,13.067707,#:##
325,-20.146677,-63.444344,power
326,17.198729,-17.599117,plan
327,30.62432,14.709688,might
328,-16.883524,6.364475,least
329,22.391653,25.770254,look
330,-3.099802,6.8393683,forward
331,15.017452,45.740837,give
332,32.334057,41.689964,At
333,-5.2323585,2.77257,again
334,-8.072514,9.887325,later
335,1.5259807,-7.248371,full
336,32.309692,17.004665,must
337,17.295563,6.459491,things
338,49.03474,-14.343351,major
339,-16.679258,-27.05961,community
340,7.6909003,26.70254,announced
341,-11.571847,49.36108,open
342,-5.9216046,-5.5876226,record
343,4.744266,26.122404,reported
344,-5.2391486,-17.80459,court
345,3.8766296,-16.088146,working
346,35.41613,16.361023,able
347,16.999325,7.4265213,something
348,-14.736836,-44.534264,president
349,-3.357816,-21.565805,meeting
350,16.71909,54.677742,keep
351,-52.1087,3.3547308,March
352,-0.3566508,-7.5150514,future
353,14.280308,2.801473,far
354,0.7193855,-21.137035,deal
355,-32.718243,-21.792315,City
356,-51.197136,2.3570518,May
357,6.404802,-34.48983,development
358,-25.313608,-28.261267,University
359,19.760685,33.83168,find
360,-7.5623083,2.246464,times
361,34.22409,43.112217,After
362,-17.657951,-37.276897,office
363,-9.819337,18.725426,led
364,5.8664465,-4.1180854,among
365,-51.140995,3.133795,June
366,-7.056565,32.852497,increase
367,-40.579548,-39.433815,China
368,-66.24537,-13.395091,John
369,11.175596,5.1295834,whether
370,19.391077,-21.332008,cost
371,18.52197,-26.210068,security
372,4.8570485,-17.5893,job
373,8.332266,8.897143,less
374,-10.135355,-43.066055,head
375,-23.345007,14.687014,seven
376,6.1413198,-36.997276,growth
377,-16.173899,43.959274,lost
378,1.9534655,13.970593,pay
379,22.856081,25.500683,looking
380,15.87452,42.70054,provide
381,-29.784649,14.491076,6
382,33.826405,14.788425,To
383,17.917496,-17.699455,plans
384,20.022245,-41.423367,products
385,-16.98913,-8.622426,car
386,-11.581405,10.666566,recent
387,58.59239,13.77018,hard
388,19.37453,8.024811,always
389,-1.6186315,15.747986,include
390,-11.366027,-20.014416,women
391,-0.6639559,1.360341,across
392,2.5359182,-51.974316,tax
393,32.14024,-29.205505,water
394,-51.824203,2.7364438,April
395,29.790966,32.826874,continue
396,51.50681,-10.901371,important
397,-16.164854,11.018921,different
398,-12.718114,51.89621,close
399,-30.466698,14.58429,7
400,46.56758,40.336967,One
401,-9.298156,6.2346644,late
402,22.33339,-14.244113,decision
403,-0.05532636,-6.603505,current
404,33.746883,-18.478651,law
405,-12.170766,6.9813867,within
406,-0.93513465,2.6174057,along
407,-38.46204,27.800587,played
408,-0.282217,39.38629,move
409,-37.54974,-33.71286,United_States
410,33.072422,9.117423,enough
411,27.315895,53.967896,become
412,-35.23175,15.74042,side
413,-30.698347,-32.031746,national
414,8.665898,-43.896072,Inc.
415,12.902087,-8.440027,results
416,-1.1148202,-18.679607,level
417,-18.359566,46.180363,loss
418,16.617897,-56.260544,economic
419,-44.8568,28.801863,coach
420,-33.460224,-12.922708,near
421,8.789246,44.754925,getting
422,19.450872,-53.437595,price
423,-18.442562,-40.00486,Department
424,-2.5024552,-24.991459,event
425,-22.524885,21.836466,fourth
426,35.97951,1.7802831,change
427,38.766018,53.646614,All
428,45.099766,-16.320948,small
429,-22.87668,-39.963936,board
430,-29.88316,-34.452103,National
431,39.144096,40.949604,So
432,-16.289862,20.088646,goal
433,10.131471,51.3082,taken
434,-12.481928,4.449681,field
435,19.415861,-53.541195,prices
436,-45.68434,10.181793,weeks
437,-11.374429,-19.99885,men
438,26.217087,20.808731,asked
439,-23.57861,14.368091,eight
440,9.89397,-25.156763,data
441,-26.78643,44.9302,shot
442,-0.33841443,-4.7294044,New
443,-4.816441,21.613722,started
444,-50.45429,2.7851298,July
445,-11.926533,-45.566067,director
446,-15.074954,-44.3628,President
447,-42.742683,-11.121294,party
448,-29.92663,-28.634773,federal
449,25.247694,13.439573,done
450,-19.799967,-49.386402,political
451,-44.69472,14.457056,minutes
452,9.790023,50.73074,taking
453,9.928719,-46.13034,Company
454,18.12932,-35.921654,technology
455,6.1543136,-31.955315,project
456,-26.633749,-5.704383,center
457,-0.19384573,11.223779,leading
458,52.69202,5.683409,issue
459,9.185471,2.8738132,though
460,5.400484,12.442106,having
461,-10.62752,2.9102325,period
462,31.952934,12.923307,likely
463,-30.954617,26.20525,scored
464,-30.098448,13.974768,8
465,43.72748,-4.536061,strong
466,-25.52927,16.990124,series
467,-37.139534,-52.25684,military
468,20.151182,23.152475,seen
469,39.11269,16.894487,trying
470,38.98784,36.787838,What
471,1.2869765,41.865486,coming
472,1.7128628,-11.982682,process
473,-22.800741,-7.853876,building
474,8.055151,-9.738734,behind
475,11.241328,-8.647159,performance
476,14.970533,-39.8881,management
477,-39.056705,-47.74978,Iraq
478,7.8126817,16.667702,saying
479,-9.773512,11.349591,earlier
480,21.202248,17.70952,believe
481,-18.700026,-67.41841,oil
482,14.489397,44.93325,given
483,-12.501287,-38.18563,Police
484,21.438997,-45.995834,customers
485,9.001056,5.683083,due
486,-7.471279,11.918413,following
487,3.2287207,2.3170068,term
488,-9.9417,-23.16906,others
489,25.424644,-14.118576,statement
490,-33.507004,-36.982613,international
491,16.835289,-56.36753,economy
492,-26.513195,-13.19815,health
493,18.01885,6.8033075,thing
494,-30.222984,-48.401447,Obama
495,-7.014307,42.2925,return
496,-23.634445,38.782475,killed
497,-48.69867,-25.251982,Washington
498,27.648548,-1.694192,further
499,38.350796,43.501793,However
500,25.291527,13.524196,doing
501,60.918114,30.034466,face
502,-9.462235,26.788263,low
503,-7.4717264,28.704222,higher
504,12.428811,-29.100859,site
505,-5.3655586,2.2623014,once
506,8.340062,4.426809,yet
507,-44.900215,12.147595,hours
508,-38.673763,-33.321842,America
509,46.047226,-23.710394,control
510,12.786715,44.154343,received
511,-0.03760238,-28.644815,rate
512,-38.36428,8.340757,career
513,-29.89216,-47.862278,Bush
514,-44.040607,27.039417,teams
515,12.312887,24.584105,known
516,18.477823,43.36787,offer
517,-0.6383455,-24.283043,race
518,10.369775,6.9868584,ever
519,31.601349,1.6324093,experience
520,-38.232185,27.998468,playing
521,22.290827,-7.919154,name
522,36.074886,6.6726584,possible
523,-36.773617,-32.495525,countries
524,-65.95801,-22.018906,Mr.
525,-31.67687,8.104262,average
526,35.1565,-11.290128,together
527,13.825476,33.514473,using
528,-30.24767,15.296919,9
529,-9.209887,31.183989,cut
530,38.182564,44.21554,While
531,-26.100765,10.929794,total
532,-17.05289,23.17674,round
533,-10.083792,-8.577484,young
534,-18.511307,8.432734,nearly
535,12.432088,-55.179287,shares
536,-8.325124,-33.6659,member
537,1.2696278,-25.908422,campaign
538,24.632261,-22.656546,media
539,32.488033,19.156078,needs
540,13.368653,4.1522384,why
541,-20.502043,-5.605757,house
542,52.91121,5.8181705,issues
543,19.29391,-21.442703,costs
544,33.896816,-34.184086,fire
545,-29.629208,19.88094,##-#
546,-29.71308,31.093523,victory
547,-42.776386,29.231596,player
548,-4.762576,21.651266,began
549,43.7014,22.424074,sure
550,7.595576,-19.864115,story
551,-32.91614,5.4277315,per_cent
552,-41.046032,-21.043306,North
553,48.298847,34.303696,His
554,-3.8611894,-29.516483,staff
555,29.232576,4.3854613,order
556,-37.924385,-47.959057,war
557,45.245758,-16.03436,large
558,27.896635,-6.4188695,interest
559,12.482114,-55.11532,stock
560,30.662853,-26.850494,food
561,5.4727798,-26.089289,research
562,51.4261,-11.632923,key
563,-38.98324,-41.206852,India
564,-40.816063,-20.995049,South
565,-44.119946,0.2623759,morning
566,25.07088,-25.54503,conference
567,-40.752876,20.825369,senior
568,-34.794483,-35.134106,global
569,-24.495338,-33.27331,Center
570,-25.698137,39.169807,death
571,-11.530091,-17.15947,person
572,19.504835,14.407911,thought
573,14.863722,46.519176,gave
574,18.254301,16.655273,feel
575,-20.350302,-64.78817,energy
576,1.785992,-2.8078985,history
577,2.7528155,10.54073,recently
578,49.657604,-16.44935,largest
579,-21.142956,25.551985,No.
580,-8.460231,-46.49425,general
581,-8.57118,-39.474964,official
582,0.12298878,26.49918,released
583,29.292818,18.674057,wanted
584,14.5604515,29.178009,meet
585,4.415374,1.9053532,short
586,-8.793883,-0.38611886,outside
587,-15.057883,29.277224,running
588,-12.507349,-5.6793485,live
589,-35.944847,29.127674,ball
590,16.647509,-29.587008,online
591,18.085163,2.712496,real
592,0.8852282,-16.972488,position
593,10.488872,0.77710474,fact
594,-8.990238,37.92289,fell
595,-24.20466,14.128804,nine
596,-50.94368,5.0703483,December
597,-7.8994684,-1.5161557,front
598,12.027719,-13.053999,action
599,-39.007385,37.918976,defense
600,55.07546,5.6435533,problem
601,55.16409,5.5690613,problems
602,-66.51478,-21.801332,Mr
603,-34.427547,-32.121197,nation
604,33.612694,19.775282,needed
605,2.513439,-4.1596828,special
606,-51.59447,5.012664,January
607,-18.361462,8.3711605,almost
608,43.85905,9.472239,chance
609,28.291082,12.331514,'d
610,8.4786415,6.888394,result
611,-40.38716,-20.273981,West
612,-50.24147,4.4543986,September
613,7.90069,-22.906994,reports
614,-6.652201,-36.33796,leader
615,10.442729,-51.789886,investment
616,-46.28627,-1.1914277,yesterday
617,42.558704,50.67067,Some
618,-7.5386896,-36.36717,leaders
619,-4.870798,8.365133,ahead
620,13.784225,38.061436,production
621,7.390201,47.891903,comes
622,11.447953,9.243745,No
623,-16.397968,29.36391,runs
624,-37.378765,31.44114,match
625,0.7324525,-9.999264,role
626,19.342182,4.859284,kind
627,39.193157,16.542799,try
628,-5.763611,15.765664,ended
629,40.81919,5.4826846,risk
630,-29.380077,-18.472208,areas
631,-18.22045,-53.633263,election
632,-4.2239237,-31.496288,workers
633,-21.487585,-0.69968927,visit
634,4.00756,41.38954,bring
635,-32.47331,-6.7320943,road
636,33.72089,-24.831673,music
637,6.3108788,-25.789108,study
638,23.138199,38.870205,makes
639,17.737501,-2.5532727,often
640,-0.03874512,26.51575,release
641,-13.628515,-16.271936,woman
642,-16.400595,-57.197304,vote
643,-25.56396,-11.459624,care
644,-31.422443,-21.880983,town
645,45.072567,21.58674,clear
646,26.360638,-10.842773,comment
647,-18.440706,3.0601566,budget
648,36.795013,6.480818,potential
649,-2.5941575,-4.840847,single
650,15.274685,-51.742485,markets
651,31.235989,-17.02921,policy
652,-1.3072886,-53.751503,capital
653,20.305885,24.069159,saw
654,15.440481,33.133926,access
655,-44.71086,4.20107,weekend
656,4.939309,-41.676903,operations
657,-7.776677,-8.11235,whose
658,-21.174875,7.1610746,net
659,-24.397457,-51.16415,House
660,16.132755,64.172264,hand
661,-6.1646857,32.44514,increased
662,-4.755379,-8.898566,charges
663,-29.762655,32.721268,winning
664,12.32507,-60.070805,trade
665,43.955853,49.046535,These
666,3.3734958,-51.408665,income
667,17.159227,-12.816876,value
668,12.903205,15.338778,involved
669,1.6572375,-60.418186,Bank
670,-52.23341,4.505737,November
671,-23.844564,-53.869297,bill
672,-15.958585,8.419091,compared
673,16.47058,8.395473,anything
674,-10.971325,-45.223946,manager
675,-54.6262,-21.31791,Texas
676,-21.719124,-10.685368,property
677,-6.884319,22.997461,stop
678,-50.111664,-2.0857332,annual
679,-0.85128963,-48.29694,private
680,0.5444835,7.939255,contract
681,-23.35081,38.133217,died
682,37.358044,40.620754,Now
683,42.961,16.104416,hope
684,19.924564,-41.56761,product
685,-7.0640426,-24.922752,fans
686,-7.502717,28.72553,lower
687,23.031149,-52.885662,demand
688,23.922377,-20.4767,News
689,-65.953,-15.111465,David
690,-45.831707,24.965183,club
691,26.273212,-11.620459,comments
692,19.388048,-9.934191,film
693,-34.754955,23.237913,yards
694,14.925037,-11.655083,quality
695,5.6920137,5.2233353,currently
696,-2.5233061,-24.928282,events
697,11.145686,-5.0326676,addition
698,-21.253778,12.197324,couple
699,-24.503885,-23.872778,schools
700,-35.73384,44.216232,attack
701,-32.771,-31.090235,region
702,-1.2504066,-3.7379146,latest
703,43.829197,9.183543,opportunity
704,3.286002,-16.134306,worked
705,2.9091704,-9.378225,course
706,42.18235,-0.16924386,bad
707,-9.804445,35.564728,fall
708,-11.480487,-29.22415,Group
709,-50.95894,4.150939,October
710,4.961582,-18.141026,jobs
711,18.691648,-5.137496,list
712,32.277813,23.944086,let
713,8.9617405,1.9650276,however
714,-13.144577,-42.377716,chief
715,-40.14967,4.178827,summer
716,8.573065,-29.502197,programs
717,3.8366287,24.369318,According
718,4.882922,-47.950645,revenue
719,46.439842,35.06026,Our
720,-8.713247,38.32919,rose
721,-10.747084,11.7107935,previous
722,20.983257,-24.218044,TV
723,-48.02104,30.646437,football
724,49.50615,-16.03752,biggest
725,-4.206648,-31.425745,employees
726,35.875195,1.500067,changes
727,-14.073161,-24.640186,residents
728,12.801267,11.892657,means
729,0.809972,-21.12909,agreement
730,-1.4119072,16.559498,includes
731,22.79782,-10.774774,post
732,-38.620323,-36.246803,Canada
733,18.958876,10.349883,probably
734,-0.676082,9.344426,related
735,2.700482,-10.630903,training
736,34.738983,25.177084,allowed
737,30.304106,-32.801556,class
738,16.770351,4.0323234,bit
739,15.663066,-22.445925,video
740,-66.75642,-14.403446,Michael
741,64.49202,12.295761,An
742,3.2306015,50.150913,sent
743,-24.487436,-22.502064,education
744,-34.1747,-29.034697,states
745,-23.502499,18.731186,straight
746,22.404501,10.495299,love
747,-28.53957,30.330013,beat
748,2.81309,56.239624,hold
749,-0.17338128,46.577023,turn
750,-25.398743,27.9883,finished
751,10.650858,-31.642128,network
752,-58.458675,-13.40602,Smith
753,0.44459575,-37.850674,buy
754,-35.573433,-37.407726,foreign
755,19.307547,-0.4857161,especially
756,-11.80327,-31.3755,groups
757,30.510862,18.470676,wants
758,-33.881046,33.17302,title
759,-1.6022631,15.889964,included
760,-0.38325387,46.43782,turned
761,2.122055,-59.871567,bank
762,-51.029903,-21.354097,Florida
763,39.711258,13.442623,efforts
764,6.3659925,-7.4237933,personal
765,13.15823,-47.15111,businesses
766,-50.267605,3.720243,August
767,-52.896988,-24.257177,California
768,16.948885,-5.388876,situation
769,-30.427523,-24.647453,district
770,35.254276,24.576696,allow
771,38.11616,21.0364,helped
772,30.610615,-23.532278,body
773,16.427305,8.375761,nothing
774,26.642437,1.9234076,soon
775,20.795885,-27.06612,safety
776,-12.686943,-40.737473,officer
777,-33.684803,9.683814,cents
778,-42.190628,-33.789772,Europe
779,-33.4979,-9.443139,St.
780,29.194143,-1.7993791,additional
781,-7.966396,-41.19203,spokesman
782,-51.56516,4.2048397,February
783,-19.192234,-17.863281,wife
784,23.908215,31.417933,showed
785,-9.5012,43.04326,leave
786,11.233144,-52.522495,investors
787,-16.77057,-20.246647,parents
788,-27.206104,-11.170062,medical
789,-17.093132,3.2140799,spending
790,10.970521,-20.02676,non
791,-47.983948,-31.967976,London
792,-24.686594,-38.05294,Council
793,23.63685,1.5798491,matter
794,-15.829346,3.4913754,spent
795,-16.033024,-19.398724,child
796,-32.21888,-34.66272,World
797,39.717316,13.633387,effort
798,-10.616797,50.006466,opening
799,6.962222,1.9233873,either
800,-2.4644,8.850825,range
801,49.103897,7.239754,question
802,-42.754204,-33.786045,European
803,-16.139627,20.141148,goals
804,-22.69611,-46.798813,administration
805,-20.156395,-20.050755,friends
806,-10.46522,-11.810105,himself
807,24.354792,32.786762,shows
808,58.186253,14.29489,difficult
809,-15.790032,-20.715103,kids
810,1.9306091,13.975082,paid
811,10.007272,37.351974,create
812,-0.827084,-42.91103,cash
813,-11.239157,-7.981294,age
814,-46.312744,25.965885,league
815,13.772181,-3.6704257,form
816,59.68658,-9.027307,impact
817,-14.67663,27.55481,drive
818,14.484611,9.862482,someone
819,26.757511,54.041042,became
820,18.033222,55.17151,stay
821,-3.6148105,25.387472,fight
822,48.431023,-13.8349495,significant
823,10.735745,-47.36851,firm
824,-24.559807,-50.98182,Senate
825,-29.591019,-10.986613,hospital
826,-16.577286,-3.1528442,charged
827,4.9202414,-42.527805,operating
828,51.428185,-14.169048,main
829,-12.671013,-1.5984744,book
830,48.49444,-4.75032,success
831,-18.035942,-16.81925,son
832,12.366819,-59.69349,trading
833,-56.593353,32.364567,###-####
834,34.707325,-4.6994843,focus
835,-21.79513,-4.167707,room
836,29.927538,33.06948,continued
837,-23.931946,-49.29706,Congress
838,15.504631,7.4475303,everything
839,-39.715935,-7.8071136,Park
840,-13.395374,-33.89504,agency
841,3.2899573,41.893898,brought
842,16.692698,21.097147,talk
843,-5.5653443,50.000103,break
844,-54.312496,15.443234,air
845,18.344381,-37.086212,software
846,28.877405,21.800583,decided
847,37.55942,33.4721,Do
848,36.01937,11.488871,ready
849,-16.731398,-4.0590262,arrested
850,4.488179,-10.29868,track
851,17.800127,45.237324,provides
852,-17.89655,-18.047363,mother
853,37.450382,-27.940016,base
854,-2.7677972,-15.963376,trial
855,20.61111,-30.937513,phone
856,46.979374,33.280773,My
857,6.84139,35.72813,build
858,16.625944,-7.401059,conditions
859,11.954284,-10.189718,rest
860,-58.776234,-12.803844,Johnson
861,14.733388,-6.939385,terms
862,30.681076,11.890091,expect
863,-49.15699,-33.970192,England
864,-44.039215,-27.584324,Israel
865,7.4928875,5.8286924,despite
866,-11.756413,50.846523,closed
867,-4.8096585,18.472855,starting
868,16.48681,42.28406,provided
869,37.70808,-13.25121,pressure
870,-8.056659,-20.257553,lives
871,14.253853,-14.434055,step
872,19.973959,55.88541,remain
873,5.02685,-3.1816416,similar
874,-4.6634746,-8.827993,charge
875,-33.088253,0.22538929,date
876,13.313382,-10.599354,whole
877,-21.728449,-10.780346,land
878,-3.9086633,34.558975,growing
879,-64.43295,-14.27627,James
880,16.52072,-29.616013,Internet
881,6.2999597,-31.940046,projects
882,-46.922817,-33.71428,British
883,-2.4359465,-14.696547,cases
884,40.08488,-29.439955,ground
885,-0.57044655,-11.947972,legal
886,-31.142149,-35.287476,International
887,28.578043,21.766806,agreed
888,22.407934,16.495731,tell
889,49.898506,-30.586464,test
890,14.623485,8.468492,everyone
891,21.437212,2.3617396,pretty
892,-9.686485,-37.942585,authorities
893,-20.395874,16.5701,Two
894,-22.235819,51.84147,above
895,-1.4043453,40.172585,moved
896,5.564326,-49.528374,profit
897,-0.54355466,0.96387494,throughout
898,-9.03509,-0.2241038,inside
899,34.640877,16.575438,ability
900,10.279461,-7.658207,overall
901,-13.493801,33.162853,pass
902,-12.53365,-39.32332,officers
903,3.7019017,4.255918,rather
904,-49.27249,-39.078106,Australia
905,11.19074,2.6410599,actually
906,-32.694633,-24.825335,county
907,-5.5902853,-1.4859799,amount
908,19.728174,-17.030903,scheduled
909,8.880032,-7.2029395,themselves
910,-12.938511,-31.236614,organization
911,15.054626,45.702568,giving
912,7.244945,-57.337856,credit
913,-18.262827,-16.770983,father
914,-13.338242,1.6852546,drug
915,4.332485,-21.274784,investigation
916,-18.15296,-21.19337,families
917,-27.896645,-52.276577,Republican
918,-0.02652819,-44.49603,funds
919,-28.040083,-9.00752,patients
920,8.792129,49.406807,takes
921,17.27186,-34.951286,systems
922,-41.850983,-37.86237,Japan
923,2.6341,29.046455,complete
924,-0.24766843,-36.35776,sold
925,9.578466,-9.515375,practice
926,12.045928,20.105139,calls
927,-26.459354,0.81108564,•
928,-47.373196,-33.11752,UK
929,-41.413666,-53.10367,force
930,-23.205097,-25.517115,student
931,17.908987,12.961418,idea
932,-4.0539074,59.927505,reached
933,16.657415,0.43634778,reason
934,-1.1201738,-18.696688,levels
935,-40.360355,46.824677,space
936,-9.196983,-5.084312,competition
937,-40.34499,-52.503357,forces
938,13.616411,-50.21488,sector
939,-9.59502,12.610415,Last
940,38.5683,17.131575,tried
941,6.0102754,-2.6010904,common
942,-20.861887,-6.7997594,homes
943,28.359943,-21.126545,stage
944,-18.4656,-40.161976,department
945,11.946667,26.82996,named
946,5.721735,-49.833485,earnings
947,18.294079,44.50979,offers
948,-49.086178,-12.339329,star
949,8.471654,-2.4007514,certain
950,-3.4210958,-5.1836348,double
951,5.6626625,2.977213,longer
952,-9.065485,17.014917,followed
953,-15.41231,38.22118,cause
954,-24.924494,-34.768723,Association
955,6.2246165,29.505758,signed
956,-25.3722,-40.89732,committee
957,-44.703808,12.693595,hour
958,-24.727057,-26.605085,college
959,-39.184933,-41.90589,Pakistan
960,24.116278,-44.787334,users
961,-42.967403,-43.61516,Iran
962,7.3217125,29.937197,sign
963,-12.973617,-5.7723203,living
964,40.884502,19.492208,failed
965,-4.0466323,59.92436,reach
966,27.510237,1.6901183,quickly
967,12.903649,44.06384,receive
968,6.550699,-56.02021,debt
969,1.2270864,-36.73141,sale
970,-22.995934,-39.961254,Board
971,-11.871417,-25.364637,Americans
972,-35.42494,-10.025389,Road
973,-57.897617,-12.409269,Brown
974,-25.029348,-14.274465,insurance
975,-39.47944,13.174165,##:##
976,14.506426,9.663353,anyone
977,-35.785435,32.448147,tournament
978,-14.864253,14.151758,More
979,-18.723316,-67.19516,gas
980,-1.2005688,-21.60579,talks
981,40.719986,-12.391006,serious
982,34.16848,21.45373,required
983,0.28948557,-37.597054,sell
984,5.176721,-31.93912,construction
985,-2.6792786,-13.203497,evidence
986,20.599503,55.974373,remains
987,-63.781963,0.74781495,black
988,-22.236313,51.842297,below
989,46.34655,2.2813523,improve
990,17.804632,-58.87854,crisis
991,19.681898,-12.407964,address
992,49.275734,7.3087735,questions
993,56.50837,16.96353,easy
994,-4.239714,19.877995,begin
995,14.996442,12.8696785,view
996,-25.74457,-24.460835,School
997,19.57025,20.161991,heard
998,-12.928537,-45.258404,executive
999,8.661164,40.935566,raised
1000,-66.61098,-12.875751,Paul
1001,-7.310145,-29.982412,store
1002,8.341919,46.314663,gets
1003,-1.1149073,29.532232,filed
1004,46.98844,-14.585127,huge
1005,-0.9526179,39.66854,moving
1006,18.926065,27.577412,seems
1007,14.555479,29.165712,met
1008,-50.316353,8.539644,####s
1009,-23.149149,4.0122685,thousands
1010,-14.737875,-46.717846,CEO
1011,22.334259,-38.31316,solutions
1012,-31.693018,26.74277,score
1013,14.255175,-23.823927,content
1014,-25.783007,-9.668986,treatment
1015,18.339025,42.807037,offered
1016,6.6901355,35.026928,built
1017,-17.58391,30.413498,hits
1018,16.659166,36.473328,present
1019,-53.75991,-26.410742,Chicago
1020,-35.729088,44.228413,attacks
1021,8.607682,3.2654836,although
1022,-19.16015,-29.25826,social
1023,-44.165325,0.53379583,afternoon
1024,-17.085245,-8.669317,vehicle
1025,4.518993,16.514135,read
1026,12.284372,-4.4281416,example
1027,-7.2137504,35.0406,rise
1028,-24.682222,-0.91945446,....
1029,-44.660458,14.327605,minute
1030,2.3068626,-59.664062,banks
1031,-24.707203,-38.060226,council
1032,-39.411556,-51.97447,troops
1033,-0.032079846,-28.645454,rates
1034,58.302597,14.063661,tough
1035,-40.638107,-39.374405,Chinese
1036,38.031742,42.568424,Even
1037,4.1112742,-15.1161,works
1038,-23.374983,22.354118,fifth
1039,19.65002,14.934578,knew
1040,18.40406,16.440186,felt
1041,-35.181458,-9.474291,Street
1042,14.604283,-27.412174,website
1043,-0.09763261,-44.681767,fund
1044,-0.35712767,28.271687,issued
1045,25.591131,0.11476466,immediately
1046,-10.648058,49.685646,opened
1047,7.2682233,47.69317,goes
1048,15.844544,-18.740982,proposed
1049,47.480366,18.463804,happy
1050,22.923723,8.327123,guys
1051,16.705524,-9.811644,response
1052,20.39239,-4.3136835,numbers
1053,25.57641,-3.0227523,benefits
1054,23.22551,12.437017,happened
1055,-30.798283,11.017636,###.#
1056,34.804256,-38.829117,light
1057,45.102043,-2.291616,positive
1058,-14.064477,-45.512753,chairman
1059,1.3339664,19.42938,claims
1060,-10.4320755,-24.85686,People
1061,11.003436,-24.573118,details
1062,-57.451237,-13.54373,Williams
1063,-40.5862,-20.357872,East
1064,-0.6108474,21.40746,accused
1065,15.274853,-34.01997,equipment
1066,-9.143153,37.29017,dropped
1067,-2.5347703,-43.24763,dollars
1068,-17.829683,11.593486,various
1069,16.907944,-11.842334,worth
1070,-4.995105,-17.507418,judge
1071,14.371274,18.550156,considered
1072,13.684514,-43.456158,commercial
1073,-3.5952744,-11.187451,activities
1074,0.8858431,-44.603207,funding
1075,-3.2981915,-43.101315,dollar
1076,31.446619,-47.49358,plant
1077,20.327042,-31.41813,mobile
1078,21.06606,-24.234072,television
1079,35.178368,-17.43544,rules
1080,2.915634,5.790159,rights
1081,5.2193775,-21.912746,review
1082,20.72321,1.947391,quite
1083,7.1329417,-14.509193,regular
1084,-65.083015,-22.6215,Dr.
1085,23.603228,48.47558,served
1086,16.374638,54.71312,kept
1087,16.865025,-43.102116,marketing
1088,10.241494,36.82377,created
1089,37.404106,-24.36498,heart
1090,5.1372094,18.36039,wrote
1091,-18.56494,-12.504826,prison
1092,3.533238,4.133351,instead
1093,50.492393,10.769882,concerns
1094,17.988827,43.36792,offering
1095,-6.722862,42.37051,returned
1096,25.588923,-3.017817,benefit
1097,12.105245,34.036983,designed
1098,14.79355,-19.440435,approved
1099,-35.6486,19.493732,foot
1100,20.515678,35.104797,search
1101,-36.121506,-13.532675,miles
1102,18.683172,-17.613577,planned
1103,-27.04555,-13.3775835,Health
1104,-21.543049,-46.074455,Government
1105,-14.245728,-9.425302,driving
1106,-38.59346,-40.816944,Indian
1107,13.209881,-10.621313,entire
1108,-14.373446,6.1090527,First
1109,16.183666,43.043644,providing
1110,28.174074,-18.634298,host
1111,25.600714,20.764896,ask
1112,3.0790396,-30.186306,design
1113,-3.9087164,-20.461756,hearing
1114,50.89286,-22.794964,save
1115,21.601624,27.13447,looked
1116,-39.659145,-21.13024,Central
1117,-20.179125,-0.5000595,travel
1118,-37.865013,-26.011806,_
1119,48.45889,-4.7972274,successful
1120,-4.806552,18.080933,beginning
1121,19.38716,-9.930979,movie
1122,5.5702424,20.36547,adding
1123,30.221382,22.20884,forced
1124,-24.309359,58.66921,toward
1125,43.136642,24.496367,ensure
1126,-13.469724,33.201157,passed
1127,-17.494577,-32.624294,unit
1128,23.24986,12.615617,happen
1129,12.912618,11.8731985,mean
1130,-47.179478,-6.9238405,Associated_Press
1131,42.249332,50.51324,Many
1132,-26.865509,44.355152,shooting
1133,-0.2959888,43.22785,gone
1134,-31.154137,33.195778,winner
1135,43.28439,16.013912,hopes
1136,23.239258,15.341607,understand
1137,18.641985,-18.324959,planning
1138,-21.075071,-0.30422768,trip
1139,8.36205,40.836094,raise
1140,-0.33570692,-32.547466,owner
1141,38.649834,-5.7775846,popular
1142,2.614596,29.097673,completed
1143,14.66477,0.8218535,ways
1144,27.222967,-4.646728,attention
1145,-35.64955,19.49736,feet
1146,9.573307,-51.510075,assets
1147,-53.59265,20.070114,traffic
1148,-67.4103,-16.32847,Mike
1149,40.378006,45.061943,Since
1150,15.1622305,-8.657017,environment
1151,42.371353,48.612774,Both
1152,8.275612,18.714083,interview
1153,19.509436,-48.004898,consumers
1154,-27.193592,-51.13094,Democrats
1155,-57.98629,-13.212604,Jones
1156,34.706337,34.705296,Not
1157,16.131443,64.17758,hands
1158,11.522577,18.405577,contact
1159,-17.958838,-9.051017,cars
1160,38.659573,44.19563,Although
1161,-23.590607,39.09198,dead
1162,10.870439,30.356443,features
1163,54.883858,9.100747,challenge
1164,-38.636635,-36.296124,Canadian
1165,19.423172,-0.48981807,particularly
1166,-27.729156,51.226532,basis
1167,0.76643044,-14.245804,violence
1168,1.4482659,36.381966,stand
1169,19.363392,-48.057793,consumer
1170,20.943336,4.7341065,sense
1171,-24.384926,-18.509817,attorney
1172,-14.895255,-10.231224,driver
1173,-11.050499,27.185783,highest
1174,-29.059576,4.1398077,£
1175,-12.546381,23.193676,posted
1176,-25.42345,28.014603,finish
1177,5.065219,0.20876938,limited
1178,9.270709,-13.096331,source
1179,-54.882984,-15.527188,Hall
1180,23.86775,48.165554,serve
1181,-54.57164,1.6561183,Sept.
1182,-4.311424,-2.920767,spot
1183,41.608482,42.395817,Then
1184,-12.319866,19.50093,advantage
1185,-31.435946,26.543589,scoring
1186,19.817371,-7.359025,words
1187,21.016815,-35.064598,applications
1188,-43.73277,-41.103474,Russia
1189,-6.1487727,30.92563,reduce
1190,38.42131,35.631413,How
1191,-63.708233,0.59838516,white
1192,20.06909,28.90811,appeared
1193,2.2914968,-23.124496,itself
1194,-18.719395,-66.16509,fuel
1195,30.554432,39.471645,During
1196,-39.260975,-48.163734,Afghanistan
1197,10.491083,1.8982439,simply
1198,-18.959463,2.299344,fiscal
1199,-59.805527,-11.963504,Jackson
1200,-37.23302,27.486044,plays
1201,30.929565,-20.656721,account
1202,-8.713991,16.226952,follow
1203,26.610258,-12.989231,statements
1204,-12.481069,-32.04302,organizations
1205,-1.1304632,50.581383,pick
1206,30.388653,32.67885,continues
1207,-42.728,3.188326,session
1208,-43.107494,-44.17953,nuclear
1209,-45.669895,-36.69267,French
1210,-44.672993,15.29888,seconds
1211,-17.835478,-17.750788,daughter
1212,27.154507,-34.6863,co
1213,-48.665833,30.920776,sports
1214,41.90673,50.492916,Most
1215,-15.592467,38.302002,caused
1216,-20.41792,41.067284,injury
1217,31.14692,-36.80021,United
1218,-25.598848,-28.334879,College
1219,59.7077,-9.045295,effect
1220,-0.8757755,-37.736084,selling
1221,29.356567,-32.107914,middle
1222,-9.59889,31.41983,cuts
1223,-8.99491,35.779686,drop
1224,13.183309,-33.111946,facility
1225,10.017914,-0.33603916,true
1226,2.8270276,0.8077203,target
1227,15.150358,17.95993,consider
1228,27.242653,28.412277,watch
1229,6.5851054,22.314491,noted
1230,43.158443,51.480232,Other
1231,10.212246,-35.161247,resources
1232,43.744724,8.419069,opportunities
1233,17.011381,-16.044136,strategy
1234,32.52863,5.5179815,learn
1235,-2.979899,13.273491,re
1236,-37.92487,-31.066643,Mexico
1237,6.711039,14.837084,message
1238,-21.479614,39.622143,injured
1239,-42.745224,-11.1184025,parties
1240,32.738056,28.917936,seeking
1241,-12.302542,42.43267,missed
1242,4.671378,6.885202,wrong
1243,25.517023,-14.535653,letter
1244,30.999334,43.143097,From
1245,21.753635,26.328022,looks
1246,6.6551776,-5.2433987,individual
1247,16.82273,-15.080567,approach
1248,56.995827,-6.795828,damage
1249,15.956467,10.478581,else
1250,55.35511,20.871517,speed
1251,-45.621426,-36.61249,France
1252,23.263117,4.214859,mind
1253,-52.47247,-25.073093,Los_Angeles
1254,42.222034,12.549448,bid
1255,6.405621,7.282302,subject
1256,-2.8017488,44.249466,ran
1257,3.2456937,50.158474,send
1258,-66.64144,-15.340713,Mark
1259,0.699649,-6.0158644,existing
1260,22.296364,6.3339233,fun
1261,-30.566738,22.380745,innings
1262,24.914894,-22.662155,press
1263,-16.532654,-55.43792,voters
1264,-34.066673,33.097454,championship
1265,-10.081579,42.7434,leaving
1266,-27.88795,34.439777,earned
1267,47.327408,-7.56291,effective
1268,43.081085,0.5893844,poor
1269,-20.314491,-19.812788,friend
1270,21.71426,-46.08766,customer
1271,22.422503,-38.318283,solution
1272,12.5040655,-45.562695,corporate
1273,4.8730206,-7.1498327,independent
1274,-6.2625403,-36.339718,leadership
1275,14.869567,-4.94089,human
1276,-27.906124,-52.332523,Democratic
1277,-27.23124,45.241444,shots
1278,8.313166,20.966333,believes
1279,18.812613,-37.49221,computer
1280,9.798207,-18.428137,s
1281,28.338737,-15.896856,items
1282,42.44874,-6.78252,confidence
1283,4.938809,39.673973,add
1284,-25.83013,-13.309215,health_care
1285,-1.4431392,-9.570582,award
1286,-2.5649192,-7.6185737,parts
1287,-21.743824,-14.152731,cover
1288,-13.088024,42.6078,missing
1289,56.464016,19.546452,fast
1290,-39.370907,-47.042957,Iraqi
1291,-6.024425,-12.289885,incident
1292,-19.20379,-17.577713,husband
1293,11.22071,14.443678,responsible
1294,27.58147,-13.19751,looking_statements
1295,-18.423307,46.24329,losses
1296,-25.56359,8.255651,estimated
1297,-25.526653,10.288645,approximately
1298,22.893639,8.321494,guy
1299,1.2148777,-37.82508,purchase
1300,-48.961876,-39.215675,Australian
1301,37.694733,20.3826,helping
1302,3.7541792,-12.029407,finally
1303,-16.067892,3.4257126,spend
1304,10.248476,-14.9121685,scene
1305,-8.03053,-26.812777,opposition
1306,7.731626,35.90571,develop
1307,-56.26153,-26.546322,Ohio
1308,19.689201,9.103721,certainly
1309,29.433554,-1.7928145,extra
1310,-32.37267,-37.740913,UN
1311,16.797453,20.761997,talking
1312,-40.101974,4.2027526,spring
1313,28.846851,-29.067858,emergency
1314,-31.595713,-17.566734,station
1315,24.323282,-8.989993,check
1316,-66.49951,-16.37035,Chris
1317,-39.08028,-51.944706,soldiers
1318,-18.00397,-9.051137,vehicles
1319,4.5080037,32.39171,launch
1320,14.102405,-45.978077,Business
1321,51.53385,-11.146341,critical
1322,2.6104786,-8.088186,professional
1323,11.791161,22.826706,described
1324,-17.042116,51.100292,choice
1325,-6.3433104,0.12552212,moment
1326,44.544136,-17.658113,size
1327,36.22192,2.4279208,changed
1328,2.8366873,56.281418,holding
1329,-19.447886,-3.6974525,door
1330,29.364405,24.731894,declined
1331,-29.825083,-3.005141,R
1332,4.5263176,32.396553,launched
1333,16.952213,-7.3621597,condition
1334,-16.218466,44.386604,lose
1335,0.37758377,32.90181,joined
1336,16.685907,46.14803,gives
1337,8.535009,34.96765,developed
1338,37.934757,45.68701,Also
1339,41.627895,28.791521,protect
1340,-13.477143,-20.191462,girls
1341,-30.307106,-24.719357,District
1342,4.9248333,-41.440487,operation
1343,34.058014,20.378218,necessary
1344,2.4513853,-52.02604,taxes
1345,12.390926,-29.141645,sites
1346,-42.536674,6.039954,Day
1347,23.446974,-1.5393054,beyond
1348,-40.865368,-31.03939,African
1349,6.5764604,-15.244701,daily
1350,-34.767426,23.229876,yard
1351,11.930892,20.982773,calling
1352,43.685852,49.089443,Those
1353,10.271247,11.578791,options
1354,13.252972,-53.755802,stocks
1355,23.09251,-18.765747,newspaper
1356,36.56033,-31.778212,peace
1357,16.213293,-18.417273,proposal
1358,-52.81216,0.804785,Jan.
1359,2.4710596,9.733666,previously
1360,27.3384,-39.941727,Microsoft
1361,-0.60851234,-34.208485,owned
1362,-30.936775,-31.54,regional
1363,-62.98651,-14.1658945,Thomas
1364,19.584257,20.159176,hear
1365,-21.314926,-8.528532,housing
1366,-0.30667886,-32.40991,owners
1367,-48.669525,18.756464,exchange
1368,7.547881,-8.427797,majority
1369,-5.8516436,19.592175,starts
1370,-14.653304,-13.628048,victims
1371,23.232536,-18.926311,Times
1372,11.495311,-6.474343,model
1373,-17.856113,33.2811,struck
1374,-21.38504,0.5069551,tour
1375,-47.554493,30.81095,basketball
1376,-56.59059,32.364223,###-###-####
1377,0.8706561,25.611448,published
1378,-6.8404527,2.3899,twice
1379,-14.301298,-53.358055,candidates
1380,-25.497383,-39.60083,Commission
1381,-14.059254,-26.932861,population
1382,-44.097202,1.4506619,evening
1383,11.107286,-3.0109973,lack
1384,-35.659782,-14.568168,north
1385,-3.595343,25.362843,fighting
1386,25.927479,-22.926315,reporters
1387,48.069572,14.692114,concerned
1388,-35.668102,-14.669178,south
1389,12.850072,1.980734,fine
1390,-38.40015,2.5924764,weather
1391,21.965229,-4.22298,figures
1392,42.03323,-32.17827,floor
1393,-4.5281415,-50.165474,relationship
1394,-3.5994918,-11.154194,activity
1395,-17.602102,16.730398,remaining
1396,9.790976,23.57387,believed
1397,-64.7728,-15.846204,Scott
1398,7.3874397,25.875021,confirmed
1399,-0.6928425,6.0909357,anti
1400,4.2422643,45.95985,placed
1401,-1.0037807,52.52639,caught
1402,0.30508414,-14.157677,crime
1403,-6.3897595,-24.144331,crowd
1404,19.153723,29.707472,appear
1405,4.2131104,-8.425144,version
1406,-38.389957,-20.998505,Western
1407,-51.507717,-26.793957,Boston
1408,-14.720435,-17.194344,girl
1409,0.45841932,32.978928,join
1410,17.193115,22.243273,discuss
1411,-18.753922,-23.90327,church
1412,3.4490123,-7.2173314,original
1413,-55.853817,-26.30882,Michigan
1414,34.463116,-8.260824,aid
1415,-1.4653937,-6.3870854,expectations
1416,-29.553059,-47.64145,White_House
1417,-69.01317,-16.88456,Bill
1418,20.881443,-45.6796,clients
1419,-32.778225,-14.44198,located
1420,-44.166904,-35.709484,Germany
1421,-44.051834,-27.39744,Israeli
1422,-32.27199,48.99027,gold
1423,-24.758883,39.028214,killing
1424,8.209717,-0.8283534,specific
1425,-65.6218,-14.299338,Robert
1426,10.723232,-1.664182,act
1427,-26.269293,-24.241652,High_School
1428,-4.7157865,-48.995697,partner
1429,-16.28919,44.202225,losing
1430,1.3646343,19.573793,claim
1431,-5.873464,-6.0357885,records
1432,-18.15828,-38.727467,Office
1433,-39.028667,39.256897,offense
1434,-53.14869,0.25748038,Dec.
1435,38.26761,39.451195,Just
1436,6.5472174,-11.686594,alone
1437,8.626857,-43.91968,Corp.
1438,13.190972,-33.14006,facilities
1439,46.438644,40.247032,Another
1440,-19.43903,-33.28703,division
1441,-53.80583,1.2048142,Oct.
1442,-53.81202,0.5643257,Nov.
1443,16.047375,-47.07516,retail
1444,38.012516,-2.5639687,worst
1445,-23.850185,-54.07009,legislation
1446,13.840263,-26.469847,page
1447,-60.13945,-14.967697,Lee
1448,13.425961,-15.908314,measures
1449,19.281174,-42.363174,brand
1450,32.702187,11.641252,expects
1451,3.6370919,-13.814192,art
1452,10.439186,-37.748127,Services
1453,34.055904,-14.1647005,standards
1454,21.200397,-35.049126,application
1455,-35.453457,-17.069847,central
1456,-23.644999,22.628223,sixth
1457,46.298576,25.97946,safe
1458,5.6197786,-8.862227,style
1459,-18.10734,-53.55847,elections
1460,-26.413414,0.57950234,*
1461,52.54795,-14.545447,primary
1462,-5.29321,29.007677,greater
1463,5.55915,-12.94189,progress
1464,36.951813,16.928667,managed
1465,23.162207,-52.86485,supply
1466,32.935513,-1.8157121,gain
1467,-6.442351,12.470916,prior
1468,-24.696972,-40.92908,Committee
1469,-28.858356,32.062702,wins
1470,25.901184,-17.426062,recovery
1471,20.611835,-29.465416,e_mail
1472,-7.607347,14.254779,upon
1473,-2.5536008,10.550226,plus
1474,19.00255,4.204681,type
1475,22.498884,-17.852991,paper
1476,39.734657,14.881747,attempt
1477,-9.70234,25.479101,High
1478,34.711727,-4.7019415,focused
1479,1.6218455,21.005152,claimed
1480,6.9696655,-25.754745,survey
1481,-20.459915,41.00255,injuries
1482,-35.4237,-7.8761373,street
1483,-7.302631,-29.99194,stores
1484,-9.579106,-2.6018186,block
1485,-4.839823,-59.27278,analysts
1486,38.76169,-35.204643,Big
1487,36.445618,24.16692,allows
1488,-23.094078,4.1108556,hundreds
1489,39.353687,29.099417,avoid
1490,25.162537,-25.99133,Conference
1491,-25.19128,-46.911472,governor
1492,22.239824,-4.052997,figure
1493,33.866913,-24.981358,band
1494,10.274845,11.577871,option
1495,-11.780683,15.192037,lines
1496,9.2666445,-13.108646,sources
1497,-33.98916,-38.652016,domestic
1498,-48.64679,28.287235,NFL
1499,24.095238,16.743328,knows
1500,18.491825,28.719063,seem
1501,28.344456,-24.957745,Open
1502,-27.221708,-51.128613,Republicans
1503,-47.44887,-33.357964,Britain
1504,10.865684,30.349989,feature
1505,-4.581752,45.90704,walk
1506,-5.4937754,49.846066,broke
1507,39.525913,4.5325418,factors
1508,-4.0355287,25.681755,battle
1509,8.466365,35.469574,developing
1510,54.297474,10.089441,threat
1511,-34.899467,-35.07391,worldwide
1512,-52.962814,1.3224579,Feb.
1513,4.77403,17.717155,written
1514,-40.15398,-2.1957974,Christmas
1515,30.51598,-7.4367976,committed
1516,-62.71028,-1.362175,green
1517,-12.882992,-33.232243,agencies
1518,46.345016,2.039366,improved
1519,4.3851256,-4.940162,traditional
1520,-33.20054,11.752073,###.##
1521,40.241096,-9.444871,fair
1522,-37.264355,-16.087757,border
1523,-14.834229,13.777286,About
1524,-47.007984,-6.2682366,Reuters
1525,50.430458,10.851483,concern
1526,-5.684847,-4.364545,mark
1527,35.165146,24.910616,allowing
1528,12.296299,-21.698427,capacity
1529,3.8597941,44.73238,putting
1530,19.033602,27.535137,appears
1531,7.5259485,-19.767284,stories
1532,-3.435441,34.685284,grow
1533,2.0346868,-5.4288225,unique
1534,38.694733,-4.4465117,favorite
1535,40.515354,0.717395,nice
1536,36.624958,39.5254,Today
1537,-11.990095,-44.76199,vice_president
1538,13.198238,-16.403883,measure
1539,51.38053,4.698327,debate
1540,-31.387135,39.959564,direct
1541,-6.812048,22.963114,stopped
1542,-33.948483,4.1450167,index
1543,-13.338003,1.6816809,drugs
1544,-22.705774,30.353354,tied
1545,-6.633385,34.920937,rising
1546,40.71087,5.4020247,risks
1547,-47.257797,25.923706,League
1548,35.421986,44.377842,Despite
1549,-10.126535,6.1519413,mid
1550,-5.5685487,42.656734,arrived
1551,-16.42974,-26.853466,communities
1552,37.207024,44.696396,Meanwhile
1553,-5.699333,32.875965,increasing
1554,16.78376,36.800728,presented
1555,48.412205,34.052773,Her
1556,-14.845568,-17.190676,boy
1557,-5.4732847,-18.08652,Court
1558,34.044384,-14.12669,standard
1559,39.510727,29.07397,prevent
1560,2.7224224,-19.23527,mission
1561,57.131622,-1.4089277,deep
1562,-13.537861,-42.28409,Chief
1563,19.815493,-7.3333025,word
1564,10.913625,25.088865,identified
1565,-1.4035769,45.79467,pulled
1566,-30.551355,22.353043,inning
1567,-15.440161,57.121147,difference
1568,-20.571335,14.210551,pair
1569,-15.911961,39.97514,suffered
1570,39.32953,-0.58084077,perfect
1571,39.025894,-20.907675,advanced
1572,36.038116,11.412675,prepared
1573,13.115322,-0.6736374,fully
1574,33.982033,-28.886711,blood
1575,7.4968452,30.002949,signs
1576,23.853325,31.73705,showing
1577,-7.7449794,-66.867744,English
1578,-49.19126,6.8948054,####-##
1579,13.421157,15.843167,interested
1580,3.0934224,-6.2159095,material
1581,8.452235,-21.199844,article
1582,-4.699302,-58.439335,experts
1583,-18.614689,25.752285,bottom
1584,47.975376,7.0553613,answer
1585,-29.847826,-2.991015,D
1586,-65.310104,-12.556156,George
1587,17.476475,-2.8477488,usually
1588,39.17355,9.4078245,wait
1589,15.240217,22.259083,spoke
1590,-57.594196,-14.276889,Davis
1591,33.76674,-18.43269,laws
1592,25.10265,19.646814,request
1593,-17.397503,-32.578865,units
1594,5.8238726,-57.96083,loan
1595,-31.648531,40.223915,directly
1596,-7.3198276,-54.214314,union
1597,8.227721,-1.0531362,particular
1598,-47.839622,31.302593,baseball
1599,5.750178,-57.945553,loans
1600,-5.4326015,13.047576,pre
1601,-13.830177,-4.125696,born
1602,-16.923649,37.105206,affected
1603,39.17595,9.412825,waiting
1604,56.235847,16.70718,simple
1605,-61.566845,-13.985324,Martin
1606,-1.1170312,50.655365,picked
1607,-53.494595,-23.803333,Arizona
1608,61.04304,30.080507,faces
1609,-43.781456,-41.024883,Russian
1610,22.289362,-7.913499,names
1611,-43.48973,-33.30421,EU
1612,-15.997891,-0.54334486,generation
1613,11.089944,14.380486,responsibility
1614,-3.2570224,11.229824,combined
1615,-6.165076,-23.873865,audience
1616,-18.812906,36.49463,hurt
1617,20.197067,28.314516,seemed
1618,-63.162514,-0.49164784,red
1619,4.866544,-47.883743,revenues
1620,-14.279997,-53.345257,candidate
1621,5.486581,63.864166,Under
1622,-21.389513,26.2335,ranked
1623,-29.84498,-21.364697,cities
1624,-3.1346312,-2.1574435,places
1625,21.297878,-14.993604,ruling
1626,-56.503082,-10.598037,Green
1627,15.69091,22.016611,speak
1628,-7.8725758,-55.227177,strike
1629,-5.680086,-6.722559,documents
1630,-43.137074,7.420305,Year
1631,17.794935,-2.4461432,sometimes
1632,-59.081154,-11.003587,King
1633,-40.23104,8.3702,seasons
1634,-0.83531374,4.162058,via
1635,7.3102903,54.683727,carry
1636,-13.526889,-20.18077,boys
1637,60.24678,29.842445,facing
1638,32.453396,5.9418354,learned
1639,-23.977062,-4.202862,hotel
1640,13.144755,39.01886,produced
1641,27.521603,-39.981476,Google
1642,21.41695,23.424694,seeing
1643,-7.0861697,-3.0326335,seat
1644,13.168397,39.11983,produce
1645,-23.378166,3.6176655,millions
1646,-10.574379,0.01806405,box
1647,22.332865,-14.122061,decisions
1648,-22.578331,-14.462052,coverage
1649,24.691793,-6.5589066,voice
1650,35.513493,-17.39312,rule
1651,28.855911,-9.806432,respect
1652,-50.269352,-34.478172,World_Cup
1653,43.00421,-39.819435,cancer
1654,23.307262,31.893915,shown
1655,-25.73058,45.401367,fired
1656,-48.161804,10.51645,decades
1657,16.701597,0.3982321,reasons
1658,-8.686132,-16.808031,tonight
1659,-53.68517,2.0257766,Aug.
1660,30.686777,-7.429825,commitment
1661,0.28054306,21.234964,alleged
1662,-8.8069725,-5.1643295,competitive
1663,-28.837006,25.793467,rebounds
1664,-58.454227,-14.130441,Miller
1665,-11.672265,-23.27884,individuals
1666,19.967728,13.118378,thinking
1667,8.748007,33.824604,established
1668,-12.514837,-1.6680815,books
1669,14.33333,-19.698225,approval
1670,14.442826,41.117157,deliver
1671,20.176859,56.057884,remained
1672,-38.868214,21.50858,guard
1673,10.319146,-37.82782,Service
1674,12.592986,-2.6922374,God
1675,10.424998,-33.45785,infrastructure
1676,-4.01815,-14.612188,appeal
1677,18.608444,-32.10979,digital
1678,15.909506,-29.17883,Web
1679,28.172693,20.714092,ordered
1680,-13.824535,-24.598185,citizens
1681,5.1350746,-26.194769,Research
1682,20.81262,-12.1248865,speech
1683,0.6377271,39.2166,push
1684,21.425076,-0.56755775,highly
1685,-37.233974,-52.2167,Army
1686,-8.304826,35.146896,decline
1687,-40.151722,-2.1918406,holiday
1688,30.175467,-12.918452,self
1689,-20.413267,16.558733,Three
1690,-6.516966,-12.852368,accident
1691,21.80371,-24.407854,radio
1692,34.252396,21.943678,require
1693,-25.911741,39.25014,murder
1694,1.2617505,1.6409063,wide
1695,31.237192,-17.028502,policies
1696,-39.687363,-7.8133006,park
1697,47.792088,35.09931,Their
1698,-32.148567,33.346684,champion
1699,23.918425,-35.249146,platform
1700,48.583214,18.719269,pleased
1701,45.160213,-13.327631,heavy
1702,25.88569,2.602049,eventually
1703,-6.661994,-13.024359,crash
1704,-20.44219,-45.19531,minister
1705,-10.48627,58.592026,hot
1706,23.7445,48.319145,serving
1707,25.620396,20.732845,asking
1708,-54.36102,-27.224108,Detroit
1709,16.409103,54.437607,keeping
1710,12.981358,-37.81008,provider
1711,-4.702637,-48.978016,partners
1712,21.86524,15.2597885,remember
1713,32.742455,28.932371,seek
1714,12.451055,-42.43801,manufacturing
1715,-22.766418,-23.851803,teachers
1716,-24.309246,58.668922,towards
1717,-0.82313704,-38.085953,buying
1718,8.218099,22.481337,warned
1719,-67.246155,-15.798912,Steve
1720,-9.070217,4.432827,initial
1721,-27.240986,4.3027406,pounds
1722,-18.29385,-16.135862,brother
1723,-26.23544,-41.494644,panel
1724,27.369812,53.96103,becoming
1725,-8.765184,47.712486,entered
1726,-36.060753,15.570015,sides
1727,-14.377403,-13.913355,victim
1728,-5.284983,53.81009,setting
1729,8.66153,-45.23732,Co.
1730,-21.30975,-30.13786,environmental
1731,-16.11114,-7.67033,bus
1732,17.567602,26.267097,Is
1733,-41.21602,-33.357563,Asia
1734,13.895311,-1.9321821,note
1735,17.091326,-38.13566,IT
1736,7.2282963,54.869205,carried
1737,-23.583754,18.906872,consecutive
1738,-10.990207,-7.94761,older
1739,-0.7668019,-13.762882,criminal
1740,-65.84895,-14.497431,Richard
1741,-0.38744467,-36.170975,bought
1742,-50.196644,-20.734335,Georgia
1743,-24.591986,-33.552048,Institute
1744,23.933674,-14.097715,announcement
1745,-9.096534,-52.385323,Union
1746,-29.946726,5.0686774,Rs
1747,-19.86752,-33.401783,Division
1748,-48.33664,10.37168,decade
1749,11.90806,59.063766,clean
1750,5.9951653,22.273129,stated
1751,-17.502478,19.733355,penalty
1752,46.301476,3.4216516,boost
1753,1.9364297,33.91903,attend
1754,-17.824934,14.203139,separate
1755,22.310928,21.374018,enjoy
1756,14.66807,-27.445684,Web_site
1757,51.068943,24.967928,table
1758,6.095242,-24.000572,analysis
1759,-41.834347,-37.952335,Japanese
1760,-44.170776,-35.789925,German
1761,32.43353,2.1510296,skills
1762,-18.563995,-12.502219,jail
1763,-44.984077,-16.427835,Valley
1764,41.80587,28.820463,protection
1765,-5.0461693,-59.998623,analyst
1766,15.63354,-3.061479,mostly
1767,1.9971226,13.993964,paying
1768,52.136135,29.21132,draw
1769,-11.886299,-46.34428,Director
1770,-59.326927,-13.477337,Taylor
1771,17.637753,10.485026,perhaps
1772,4.457968,16.2594,reading
1773,0.68341774,2.7126377,cross
1774,-25.597044,-40.081654,commission
1775,-14.954447,-10.419575,drivers
1776,-17.581532,-37.03807,offices
1777,10.35986,-11.102158,presence
1778,-3.319793,-21.727318,meetings
1779,-16.50382,-57.130928,votes
1780,42.985657,-5.9887238,strength
1781,-13.90062,12.507035,Of
1782,30.406586,-4.3433948,delivery
1783,-31.194283,-15.133516,location
1784,0.8863163,-17.01649,positions
1785,1.0203049,5.4219146,regarding
1786,42.6588,16.218134,hoping
1787,-65.247536,-16.82916,Ryan
1788,-39.01526,39.502,offensive
1789,50.28223,-0.55228513,spread
1790,-56.455853,-11.511845,White
1791,-8.740923,-9.034195,whom
1792,-18.686218,3.876676,deficit
1793,44.6579,-8.9932995,powerful
1794,-45.838894,23.892578,Club
1795,29.739618,33.41693,continuing
1796,13.68447,-5.4290547,natural
1797,7.2890453,25.734892,revealed
1798,18.013428,16.812012,feeling
1799,-68.25967,-16.336014,Jim
1800,-3.3384938,35.80394,grew
1801,27.241373,28.408287,watching
1802,7.3296957,22.928362,suggested
1803,56.98806,20.23321,slow
1804,54.97309,8.871618,challenges
1805,-47.53182,-8.200345,Writer
1806,43.410492,-16.731981,larger
1807,56.477497,18.618946,quick
1808,20.251354,8.80098,definitely
1809,-33.847145,-3.3501654,flight
1810,-24.368546,-27.175259,university
1811,-40.785526,20.825733,junior
1812,18.463404,-55.12206,inflation
1813,9.821603,-5.2631803,ones
1814,28.218092,-40.147514,Apple
1815,-1.301275,-9.562068,honor
1816,51.21391,-7.503498,active
1817,-15.876807,-58.10977,voted
1818,-17.774078,-26.93855,Community
1819,43.777245,-4.401026,solid
1820,-30.697977,-48.49971,Clinton
1821,-23.907135,-55.366283,Act
1822,26.008503,23.96617,determine
1823,-6.5215216,31.270706,reduced
1824,18.609198,-22.084396,fees
1825,-18.485052,12.237344,multiple
1826,26.258667,23.194258,decide
1827,16.800007,-43.09306,advertising
1828,-7.7415895,-66.86999,language
1829,5.903727,23.475124,expressed
1830,14.062242,-14.612381,steps
1831,28.090174,1.5952477,easily
1832,4.0328884,41.801678,bringing
1833,42.544754,-22.023523,physical
1834,2.287986,45.54002,throw
1835,-24.379547,7.094442,forecast
1836,8.164724,-15.335491,schedule
1837,1.7075585,21.956882,denied
1838,19.758253,33.87356,finding
1839,36.52323,-17.257305,ban
1840,-39.191948,31.763609,Game
1841,22.608593,18.611626,agree
1842,25.167658,-31.474592,section
1843,2.8164759,21.545002,admitted
1844,12.424911,-13.383166,actions
1845,12.177139,0.8805993,normal
1846,19.304977,-34.792957,devices
1847,39.91462,43.387836,Because
1848,-43.160763,26.30031,squad
1849,10.0780735,37.363033,creating
1850,-4.444909,45.78548,walked
1851,-14.672115,-46.641533,chief_executive
1852,-35.466957,-7.839408,streets
1853,9.177433,0.6923819,clearly
1854,10.987946,-16.81581,complex
1855,-24.366524,-18.504498,lawyer
1856,-18.945772,-54.78214,elected
1857,-7.6361184,32.765697,increases
1858,-20.850145,-65.09889,Energy
1859,-24.894327,7.5914145,estimates
1860,49.099796,18.53376,excited
1861,37.637794,22.216188,helps
1862,34.575397,-8.693999,relief
1863,25.90099,25.118256,determined
1864,18.968727,10.822954,maybe
1865,-13.644237,-14.44165,suspect
1866,-55.47938,-12.041835,Hill
1867,24.015404,-4.975114,sound
1868,11.991786,-1.0686296,piece
1869,-23.55255,-27.342531,campus
1870,-36.052254,-15.954612,southern
1871,35.022686,-21.750874,degree
1872,43.371044,-16.725277,smaller
1873,31.674866,-10.98871,status
1874,-3.3764262,40.836327,headed
1875,-29.834743,17.561659,#-##
1876,42.802246,-2.4521582,healthy
1877,46.35569,-14.287138,massive
1878,49.89832,-30.585987,testing
1879,25.322401,-49.23208,distribution
1880,38.209602,35.281845,Why
1881,-0.42506596,13.057647,completely
1882,-3.5688765,4.17687,onto
1883,-18.754082,32.46577,hitting
1884,-11.259051,51.248825,closing
1885,-24.656456,-49.523857,lawmakers
1886,0.9135362,-4.1982746,fresh
1887,-39.415527,3.5427003,winter
1888,-68.113686,-15.717929,Tom
1889,-9.923953,-4.92786,contest
1890,37.720974,-8.442211,outstanding
1891,15.054314,5.5614676,exactly
1892,-34.03795,6.5690956,percentage
1893,-68.45838,-14.636013,Joe
1894,-9.085151,19.693348,contributed
1895,-40.327637,-14.025827,movement
1896,-37.40858,1.5438311,storm
1897,-23.827877,22.73066,seventh
1898,48.124928,11.668617,fear
1899,8.476356,-17.102316,weight
1900,-55.713467,-25.356379,Minnesota
1901,-30.332775,-49.26944,McCain
1902,-29.109716,-0.6127397,C
1903,44.619568,26.09848,secure
1904,6.71275,56.020153,conducted
1905,3.3222485,-37.381847,acquisition
1906,-13.230755,9.24781,Over
1907,42.76029,25.617294,maintain
1908,-3.3191338,-26.543377,rally
1909,31.687838,1.6991692,knowledge
1910,-12.450789,22.735548,recorded
1911,-9.841809,-43.828777,assistant
1912,-27.586939,-10.864402,doctors
1913,48.608364,19.02722,proud
1914,15.860048,14.5906925,advice
1915,-17.746668,-42.84117,Secretary
1916,7.0689363,-54.13906,finance
1917,23.623549,-28.754274,sex
1918,-67.40053,-13.573452,Peter
1919,-38.737083,-26.953846,WASHINGTON
1920,29.319838,24.119967,refused
1921,-51.221798,-21.516266,Miami
1922,-13.946691,-34.646828,agent
1923,-15.972963,23.857595,draft
1924,-14.403133,17.047102,pitch
1925,-3.8145814,-17.513079,Justice
1926,-7.889945,-25.880411,supporters
1927,-7.989127,-47.18176,General
1928,24.164309,-44.762478,user
1929,-19.005283,-52.17501,presidential
1930,-22.700483,30.361742,tie
1931,-40.9111,-31.471968,Africa
1932,-49.525494,-39.01288,New_Zealand
1933,19.508781,4.9140453,sort
1934,-54.629093,-21.321882,Houston
1935,43.0046,-39.818935,disease
1936,-8.239996,-16.468542,tomorrow
1937,12.778701,-6.99873,core
1938,35.44454,13.032218,willing
1939,-28.08152,-9.023495,patient
1940,-29.733513,-11.031713,Hospital
1941,15.246895,17.845156,considering
1942,11.878692,-48.69201,firms
1943,36.737762,42.64382,Still
1944,-45.069878,42.06983,technical
1945,55.966885,5.0268426,trouble
1946,47.625008,35.734516,Its
1947,53.262825,-3.1916928,picture
1948,21.213688,0.7655185,extremely
1949,46.870377,18.208035,confident
1950,40.667942,-25.013657,count
1951,16.78722,-24.28149,visitors
1952,44.078716,-27.473196,extended
1953,42.525707,42.913765,Once
1954,1.5910946,16.47699,reality
1955,5.0188227,36.72612,expand
1956,-17.587294,-23.991133,Christian
1957,5.8031697,-36.353687,expansion
1958,-13.561375,-5.8245835,lived
1959,-45.520157,-15.6886635,Lake
1960,-44.069847,-27.049984,Palestinian
1961,-31.803305,-20.366972,downtown
1962,20.546476,10.689633,doubt
1963,15.416779,-1.2362266,nature
1964,9.986788,16.530645,listed
1965,-10.121425,18.658617,leads
1966,15.588047,13.68643,opinion
1967,-45.257378,-16.047085,River
1968,-23.099812,17.909634,row
1969,-39.672802,17.192638,fellow
1970,-9.401594,1.1128249,corner
1971,-13.582945,-1.2114818,author
1972,6.6951118,-34.367634,Development
1973,6.1938424,-10.091342,screen
1974,11.195577,-54.151237,shareholders
1975,60.182877,29.82488,faced
1976,-55.091835,-26.084711,Illinois
1977,31.452574,-47.494682,plants
1978,-16.771452,-4.6193233,arrest
1979,-16.393644,-28.60746,society
1980,8.083654,-11.232255,character
1981,-6.8423576,-53.876385,labor
1982,33.0934,-1.8052875,gains
1983,4.751693,-28.121666,science
1984,-22.646551,-23.715536,teacher
1985,15.629444,-28.886269,web
1986,-24.13281,-4.205407,restaurant
1987,32.59024,5.0359945,learning
1988,17.347221,-57.741756,recession
1989,8.457334,40.867023,raising
1990,41.033417,19.58692,failure
1991,-33.817207,-3.3950424,airport
1992,-35.7247,-53.033306,intelligence
1993,11.960439,27.139048,selected
1994,-28.67818,-17.332893,zone
1995,-22.930252,-7.7997017,buildings
1996,12.994284,-42.695232,industrial
1997,0.55153304,7.938662,contracts
1998,39.160614,-19.533077,advance
1999,26.412191,-8.141338,fit
